{
  "Total" : {
    "transaction" : "Total",
    "sampleCount" : 5000,
    "errorCount" : 0,
    "errorPct" : 0.0,
    "meanResTime" : 387.1410000000007,
    "medianResTime" : 308.0,
    "minResTime" : 271.0,
    "maxResTime" : 2296.0,
    "pct1ResTime" : 575.0,
    "pct2ResTime" : 774.0,
    "pct3ResTime" : 1247.9199999999983,
    "throughput" : 2.777683645165358,
    "receivedKBytesPerSec" : 5.75205279067626,
    "sentKBytesPerSec" : 0.3227972204830836
  },
  "Demo_Capacity_Testing" : {
    "transaction" : "Demo_Capacity_Testing",
    "sampleCount" : 5000,
    "errorCount" : 0,
    "errorPct" : 0.0,
    "meanResTime" : 387.1410000000007,
    "medianResTime" : 308.0,
    "minResTime" : 271.0,
    "maxResTime" : 2296.0,
    "pct1ResTime" : 575.0,
    "pct2ResTime" : 774.0,
    "pct3ResTime" : 1247.9199999999983,
    "throughput" : 2.777683645165358,
    "receivedKBytesPerSec" : 5.75205279067626,
    "sentKBytesPerSec" : 0.3227972204830836
  }
}